{

"images": [
    "turretsSprite.png"
],

"frames": [
    [1, 1, 60, 60, 0, 0, 0],
    [1, 63, 60, 60, 0, 0, 0],
    [1, 125, 50, 50, 0, 0, 0],
    [53, 125, 8, 15, 0, 0, 0],
    [53, 142, 8, 15, 0, 0, 0],
    [53, 159, 6, 15, 0, 0, 0],
    [1, 177, 50, 50, 0, 0, 0],
    [1, 229, 50, 50, 0, 0, 0],
    [1, 281, 50, 50, 0, 0, 0],
    [1, 333, 25, 69, 0, 0, 0],
    [28, 333, 34, 35, 0, 0, 0],
    [28, 370, 15, 60, 0, 0, 0],
    [1, 404, 24, 38, 0, 0, 0],
    [45, 370, 12, 60, 0, 0, 0],
    [27, 432, 25, 26, 0, 0, 0],
    [1, 444, 15, 16, 0, 0, 0]
],

"animations": {
    "turretArea": { "frames": [0] },
    "turretBase": { "frames": [1] },
    "electro": { "frames": [2] },
    "gunBullet1": { "frames": [3] },
    "gunBullet2": { "frames": [4] },
    "gunBullet3": { "frames": [5] },
    "fire": { "frames": [6] },
    "gunIcon": { "frames": [7] },
    "rocket": { "frames": [8] },
    "rocketGun": { "frames": [9] },
    "electroBullet3": { "frames": [10] },
    "fireGun": { "frames": [11] },
    "gun": { "frames": [12] },
    "electroGun": { "frames": [13] },
    "electroBullet2": { "frames": [14] },
    "electroBullet1": { "frames": [15] }
},

"texturepacker": [
        "SmartUpdateHash: $TexturePacker:SmartUpdate:315f9d9886904a20c4aea2d64e0aa194:d593042a7ef9a7d93ee2cccee5e6a192:3a9c00a0faadd4c570885004d86053c2$",
        "Created with TexturePacker (https://www.codeandweb.com/texturepacker) for EaselJS"
]

}
