{

"images": [
    "zombies.png"
],

"frames": [
    [1, 1, 23, 31, 0, 0, 0],
    [26, 1, 23, 31, 0, 0, 0],
    [51, 1, 23, 31, 0, 0, 0],
    [76, 1, 20, 31, 0, 0, 0],
    [98, 1, 20, 31, 0, 0, 0],
    [120, 1, 20, 31, 0, 0, 0],
    [142, 1, 23, 31, 0, 0, 0],
    [167, 1, 23, 31, 0, 0, 0],
    [1, 34, 23, 31, 0, 0, 0],
    [26, 34, 23, 31, 0, 0, 0],
    [51, 34, 21, 31, 0, 0, 0],
    [74, 34, 22, 31, 0, 0, 0],
    [98, 34, 22, 31, 0, 0, 0],
    [122, 34, 21, 31, 0, 0, 0],
    [145, 34, 23, 31, 0, 0, 0],
    [170, 34, 20, 32, 0, 0, 0],
    [1, 67, 23, 31, 0, 0, 0],
    [26, 67, 20, 32, 0, 0, 0],
    [48, 67, 20, 32, 0, 0, 0],
    [70, 67, 23, 32, 0, 0, 0],
    [95, 67, 21, 32, 0, 0, 0],
    [118, 67, 21, 32, 0, 0, 0],
    [141, 67, 23, 32, 0, 0, 0],
    [166, 68, 23, 33, 0, 0, 0]
],

"animations": {
    "mumblerDown": { "frames": [0, 1, 2] },
    "mumblerLeft": { "frames": [3, 15, 4] },
    "mumblerRight": { "frames": [5, 17, 18] },
    "mumblerTop": { "frames": [6, 23, 7] },
    "walkerDown": { "frames": [8, 19, 9] },
    "walkerLeft": { "frames": [10, 20, 11] },
    "walkerRight": { "frames": [12, 21, 13] },
    "walkerTop": { "frames": [14, 22, 16] }
},

"texturepacker": [
        "SmartUpdateHash: $TexturePacker:SmartUpdate:af2e430950d95fb9606eb636b2b6efb7:f8b48c5ac9678e7d37f41f9d1317276c:15403de5cac491e6f4b75d7cda34bbbb$",
        "Created with TexturePacker (https://www.codeandweb.com/texturepacker) for EaselJS"
]

}
